{"scores": [{"name": "Red", "score": 87, "date": "Date: 2020-11-30, Time: 17:22:06.786054"}, {"name": "wearsadefs", "score": 56, "date": "Date: 2020-11-30, Time: 12:17:01.134998"}, {"name": "asdfesw", "score": 18, "date": "Date: 2020-11-30, Time: 12:11:11.400284"}, {"name": "dfgdfgd", "score": 86, "date": "Date: 2020-11-30, Time: 12:10:10.591858"}, {"name": "dsfgfgxcv", "score": 85, "date": "Date: 2020-11-30, Time: 12:07:45.190905"}, {"name": "sadfzfdd", "score": 84, "date": "Date: 2020-11-30, Time: 12:06:31.769260"}, {"name": "asdasd", "score": 0, "date": "Date: 2020-11-30, Time: 11:45:49.031731"}, {"name": "uikhjuhjk", "score": 75, "date": "Date: 2020-11-30, Time: 12:03:37.701346"}, {"name": "sadfsedf", "score": 74, "date": "Date: 2020-11-30, Time: 12:01:36.226980"}, {"name": "dsfgdsaf", "score": 84, "date": "Date: 2020-11-30, Time: 11:56:49.811047"}, {"name": "asdfsdf", "score": 89, "date": "Date: 2020-11-30, Time: 11:52:15.875722"}, {"name": "ertert", "score": 86, "date": "Date: 2020-11-30, Time: 11:51:54.790869"}, {"name": "asdasdasd", "score": 82, "date": "Date: 2020-11-30, Time: 11:49:48.967106"}, {"name": "fseraerf", "score": 79, "date": "Date: 2020-11-30, Time: 11:49:19.180680"}, {"name": "asdasdasx", "score": 0, "date": "Date: 2020-11-30, Time: 11:48:31.690402"}, {"name": "hbhjkb", "score": 0, "date": "Date: 2020-11-30, Time: 11:46:08.719338"}, {"name": "asdFDES", "score": 0, "date": "Date: 2020-11-30, Time: 11:45:22.040117"}, {"name": "sdfse", "score": 0, "date": "Date: 2020-11-30, Time: 11:44:36.273664"}, {"name": "dsafsdfg", "score": 87, "date": "Date: 2020-11-30, Time: 11:39:21.790630"}, {"name": "purple", "score": 0, "date": "Date: 2020-11-30, Time: 11:36:32.753928"}, {"name": "tester", "score": 85, "date": "Date: 2020-11-30, Time: 11:32:42.125625"}, {"name": "testing", "score": 83, "date": "Date: 2020-11-30, Time: 11:31:24.259720"}, {"name": "blue", "score": 0, "date": "Date: 2020-11-30, Time: 11:21:08.445781"}, {"name": "Yellow", "score": 89, "date": "Date: 2020-11-30, Time: 11:20:49.425260"}, {"name": "lose", "score": 0, "date": "Date: 2020-11-30, Time: 11:16:29.725079"}, {"name": "worse", "score": 67, "date": "Date: 2020-11-30, Time: 11:15:50.029764"}, {"name": "winner", "score": 90, "date": "Date: 2020-11-30, Time: 11:15:33.987344"}, {"name": "asdf", "score": 0, "date": "Date: 2020-11-30, Time: 11:13:31.042945"}]}